{
  "train_loss": [
    0.6880456978797913,
    0.6651427097797393,
    0.639869999885559,
    0.6175894193649292,
    0.5961203522443771,
    0.5803452873706818,
    0.5722281136512757,
    0.5597573564529419,
    0.5532445728063583,
    0.5419531094312667,
    0.5407008206367493,
    0.5344703846693039,
    0.5287365631818771,
    0.523919409608841,
    0.5269862906217575,
    0.5269204423189163,
    0.5221465933322906,
    0.5213602885961532,
    0.5192300525665283,
    0.5204109111070633
  ],
  "train_acc": [
    0.5475469648599625,
    0.6240240790128708,
    0.6581490772485733,
    0.682084334397316,
    0.7027376742839814,
    0.7146635739803314,
    0.7248085131645202,
    0.7382510147333146,
    0.7439704810142517,
    0.7556378729820251,
    0.7579639358997345,
    0.7602460402011871,
    0.7681469736099243,
    0.771863671875,
    0.7685901200532913,
    0.7676756403923035,
    0.7752934429168701,
    0.7739166588306426,
    0.7763221897602082,
    0.7730201820850372
  ],
  "val_loss": [
    0.6763725910186767,
    0.6357356600761414,
    0.5991566023826599,
    0.5646207008361817,
    0.5306023042201996,
    0.508455867767334,
    0.49200025415420534,
    0.4691025450229645,
    0.4638032603263855,
    0.45088378524780276,
    0.44371878933906556,
    0.4380814480781555,
    0.43423277854919434,
    0.43019055223464964,
    0.4279827280044556,
    0.4284986023902893,
    0.42426036262512207,
    0.43100322675704955,
    0.42449134874343875,
    0.42347389698028565
  ],
  "val_acc": [
    0.6175,
    0.696,
    0.73525,
    0.7685,
    0.78475,
    0.801,
    0.813,
    0.8255,
    0.82725,
    0.83625,
    0.84375,
    0.84675,
    0.84825,
    0.849,
    0.852,
    0.8545,
    0.85575,
    0.8545,
    0.854,
    0.8575
  ],
  "val_f1": [
    0.6054869799100047,
    0.6902712571726657,
    0.7328516590725526,
    0.7684985531159569,
    0.7846572815007662,
    0.8009928357420867,
    0.8129848517729936,
    0.8254035791265726,
    0.8272491254486976,
    0.8362436032657525,
    0.8436826956306375,
    0.8467499137968265,
    0.8482497628902546,
    0.84897447668656,
    0.8519946718081851,
    0.854305899033988,
    0.8557484763432814,
    0.8544976719627514,
    0.8539868223107135,
    0.8574340989122222
  ],
  "lr": [
    0.0002,
    0.0002,
    0.00019848077530122083,
    0.00019396926207859084,
    0.00018660254037844388,
    0.0001766044443118978,
    0.00016427876096865394,
    0.00015000000000000001,
    0.00013420201433256689,
    0.00011736481776669306,
    0.0001,
    8.263518223330697e-05,
    6.579798566743314e-05,
    5.000000000000002e-05,
    3.5721239031346066e-05,
    2.339555568810221e-05,
    1.339745962155613e-05,
    6.030737921409169e-06,
    2.0000000000000003e-06,
    2.0000000000000003e-06
  ],
  "time": [
    69.58475232124329,
    64.0241048336029,
    61.60872507095337,
    64.02848434448242,
    62.416391134262085,
    63.93467831611633,
    61.16455006599426,
    63.07629704475403,
    61.05518913269043,
    63.856945514678955,
    63.98021912574768,
    66.49603223800659,
    68.75649809837341,
    65.20973515510559,
    62.30572175979614,
    65.4218475818634,
    55.8746817111969,
    65.90278315544128,
    65.38353514671326,
    68.20375537872314
  ]
}