{
  "total_time_min": 21.79868861834208,
  "best_epoch": 20,
  "best_val_acc": 0.8575,
  "best_val_f1": 0.8574340989122222,
  "test_acc": 0.8453920220082531,
  "test_f1": 0.8452833590877016,
  "test_auc": 0.922268879013042,
  "confusion_matrix": [
    [
      4465,
      1027
    ],
    [
      659,
      4754
    ]
  ]
}